MedID,Manf_year,Quantity_in_stock,Sales,Company_Score,Shelf_Life,Topsis Score,Rank
1,2018,100,5000,,6,0.4888522416307655,4
2,2019,50,3000,,6,0.27525759839153957,7
3,2020,200,8000,,6,0.8557976519756018,1
4,2017,30,1200,,6,0.1861724989417021,9
5,2021,120,4000,,3,0.4354559970802938,5
6,2019,80,7000,,8,0.5605148729794189,3
7,2018,60,3500,,7,0.3496436786987799,6
8,2022,150,9000,,4,0.7103732037517193,2
9,2016,20,800,,7,0.2205486687834055,8
10,2020,40,2000,,4,0.13751261746673848,10
